xcor,ycor,category
14,12,aisles
26,30,background
25,18,background
10,26,background
22,0,background
24,18,background
13,0,shelves
2,2,shelves
29,29,background
10,23,intersection
24,20,background
2,22,shelves
17,12,aisles
17,24,shelves
6,25,background
0,16,shelves
12,23,aisles
7,3,aisles
0,28,background
9,9,shelves
18,15,shelves
11,26,background
3,6,shelves
10,4,aisles
5,8,shelves
7,2,aisles
26,27,background
22,10,background
30,27,background
4,6,aisles
24,13,background
27,18,background
10,27,background
10,17,aisles
21,9,background
20,25,background
1,5,aisles
17,0,shelves
20,26,background
1,14,aisles
14,26,background
5,7,shelves
1,17,aisles
7,20,aisles
1,28,background
23,13,background
25,27,background
23,2,background
2,4,shelves
29,21,background
6,10,shelves
18,22,shelves
16,7,aisles
5,6,shelves
5,27,background
9,14,shelves
17,22,shelves
29,30,background
1,16,aisles
25,4,background
18,18,shelves
0,22,shelves
1,12,intersection
15,5,shelves
9,22,shelves
29,3,background
7,30,background
22,28,background
18,0,shelves
1,4,aisles
16,24,shelves
24,27,background
27,2,background
22,19,background
29,13,background
30,23,background
28,10,background
21,10,background
19,30,background
10,1,intersection
14,13,shelves
21,13,background
26,11,background
5,19,shelves
15,23,aisles
6,29,background
10,0,shelves
11,11,shelves
2,25,background
14,10,shelves
24,0,background
23,7,background
11,17,shelves
20,2,shelves
24,16,background
1,20,aisles
24,21,background
9,2,shelves
11,2,shelves
28,19,background
26,26,background
16,29,background
4,17,aisles
20,23,shelves
5,1,aisles
12,13,shelves
8,12,aisles
15,27,background
27,0,background
30,14,background
15,4,shelves
6,9,shelves
3,29,background
30,19,background
27,14,background
7,18,aisles
30,2,background
13,16,aisles
5,15,shelves
6,26,background
24,28,background
30,30,background
19,0,shelves
12,1,aisles
8,25,background
17,4,shelves
2,27,background
25,21,background
2,12,aisles
15,6,shelves
18,14,shelves
20,17,shelves
30,20,background
2,0,shelves
24,4,background
10,22,aisles
15,30,background
23,16,background
3,0,shelves
7,7,aisles
14,7,shelves
2,21,shelves
22,8,background
12,24,shelves
17,25,background
25,28,background
23,26,background
0,18,shelves
21,20,background
7,14,aisles
10,5,aisles
0,2,shelves
19,21,aisles
19,11,aisles
3,15,shelves
16,5,aisles
24,10,background
1,7,aisles
19,1,intersection
6,16,shelves
3,7,shelves
14,6,shelves
15,22,shelves
27,29,background
13,1,intersection
3,26,background
7,13,aisles
25,6,background
6,18,shelves
27,22,background
8,30,background
21,5,background
6,3,shelves
20,18,shelves
17,20,shelves
21,29,background
11,30,background
2,18,shelves
25,5,background
8,8,shelves
26,18,background
7,21,aisles
15,13,shelves
3,8,shelves
23,22,background
12,3,shelves
5,25,background
17,13,shelves
13,5,aisles
14,21,shelves
13,17,aisles
28,5,background
5,2,shelves
13,3,aisles
21,27,background
30,0,background
12,14,shelves
19,25,background
21,0,background
17,11,shelves
16,3,aisles
27,26,background
17,2,shelves
26,12,background
25,1,background
7,23,intersection
8,26,background
10,7,aisles
3,18,shelves
14,27,background
1,2,aisles
28,3,background
9,20,shelves
16,20,aisles
22,5,background
23,5,background
6,4,shelves
16,23,intersection
26,15,background
1,15,aisles
21,3,background
3,19,shelves
3,10,shelves
19,26,background
28,11,background
18,5,shelves
5,22,shelves
16,30,background
19,20,aisles
23,12,background
27,4,background
4,21,aisles
4,8,aisles
7,10,aisles
27,6,background
1,19,aisles
22,27,background
28,17,background
14,17,shelves
10,25,background
5,4,shelves
11,18,shelves
10,21,aisles
7,28,background
7,19,aisles
10,3,aisles
12,7,shelves
9,3,shelves
23,28,background
26,5,background
3,25,background
28,23,background
17,30,background
22,18,background
1,6,aisles
24,19,background
9,15,shelves
10,10,aisles
25,8,background
25,13,background
4,3,aisles
23,29,background
14,8,shelves
12,15,shelves
15,8,shelves
25,15,background
8,5,shelves
25,9,background
2,14,shelves
14,24,shelves
8,7,shelves
19,29,background
30,5,background
2,26,background
23,9,background
25,3,background
13,13,aisles
16,22,aisles
10,2,aisles
19,10,aisles
11,4,shelves
7,6,aisles
17,28,background
5,20,shelves
23,20,background
29,11,background
4,1,intersection
26,6,background
21,6,background
29,8,background
10,19,aisles
20,4,shelves
6,24,shelves
20,16,shelves
0,15,shelves
13,26,background
4,16,aisles
15,12,aisles
9,29,background
16,6,aisles
7,22,aisles
4,14,aisles
21,26,background
25,24,background
26,1,background
27,12,background
16,0,shelves
25,2,background
12,11,shelves
29,16,background
23,24,background
5,17,shelves
15,14,shelves
28,16,background
16,2,aisles
27,17,background
9,4,shelves
12,19,shelves
12,6,shelves
4,7,aisles
4,29,background
19,24,outside
18,8,shelves
22,17,background
23,0,background
3,12,aisles
14,3,shelves
10,30,background
6,21,shelves
12,0,shelves
18,6,shelves
12,29,background
11,16,shelves
19,8,aisles
20,11,shelves
26,28,background
9,6,shelves
13,24,shelves
4,20,aisles
9,12,aisles
30,18,background
25,0,background
26,24,background
28,24,background
3,23,aisles
5,21,shelves
1,13,aisles
27,30,background
1,27,background
20,28,background
23,23,background
20,10,shelves
1,23,entrance
10,18,aisles
5,24,shelves
8,24,shelves
24,14,background
6,17,shelves
8,3,shelves
15,9,shelves
4,2,aisles
3,16,shelves
0,5,shelves
22,15,background
29,12,background
11,21,shelves
15,7,shelves
30,7,background
24,29,background
10,28,background
23,1,background
16,17,aisles
24,7,background
18,23,aisles
12,22,shelves
28,15,background
15,15,shelves
4,4,aisles
0,17,shelves
24,1,background
10,12,intersection
2,1,aisles
29,24,background
6,6,shelves
26,23,background
13,14,aisles
20,19,shelves
0,3,shelves
18,17,shelves
27,16,background
30,21,background
7,5,aisles
16,12,intersection
13,2,aisles
18,11,shelves
12,16,shelves
24,30,background
30,24,background
13,23,intersection
13,10,aisles
0,29,background
11,12,aisles
21,28,background
18,26,background
26,14,background
3,21,shelves
18,30,background
22,26,background
25,11,background
0,23,shelves
13,9,aisles
2,10,shelves
28,29,background
0,27,background
16,26,background
7,16,aisles
26,20,background
22,30,background
3,13,shelves
30,4,background
21,8,background
9,16,shelves
3,3,shelves
9,11,shelves
0,11,shelves
16,13,aisles
17,15,shelves
13,30,background
5,23,aisles
1,22,aisles
2,29,background
29,23,background
17,3,shelves
9,8,shelves
11,3,shelves
0,0,shelves
5,16,shelves
28,22,background
13,20,aisles
21,19,background
26,17,background
7,9,aisles
14,2,shelves
0,19,shelves
14,28,background
22,12,background
1,25,background
25,26,background
28,20,background
23,3,background
20,15,shelves
1,1,intersection
24,15,background
6,1,aisles
6,11,shelves
3,28,background
25,25,background
17,1,aisles
15,0,shelves
4,15,aisles
29,10,background
15,28,background
11,9,shelves
9,5,shelves
15,17,shelves
2,5,shelves
29,27,background
14,22,shelves
15,29,background
29,15,background
18,27,background
11,24,shelves
9,21,shelves
24,9,background
12,4,shelves
23,18,background
21,7,background
19,23,exit
4,11,aisles
10,8,aisles
15,20,shelves
26,22,background
18,16,shelves
0,7,shelves
14,18,shelves
21,17,background
27,1,background
20,27,background
18,21,shelves
19,22,aisles
7,17,aisles
24,11,background
6,13,shelves
24,22,background
11,10,shelves
9,13,shelves
5,26,background
19,7,aisles
27,7,background
16,25,background
17,19,shelves
11,25,background
21,11,background
8,9,shelves
12,12,aisles
13,29,background
30,11,background
8,4,shelves
20,13,shelves
28,26,background
15,1,aisles
0,4,shelves
6,12,aisles
6,20,shelves
12,10,shelves
18,4,shelves
28,2,background
2,8,shelves
19,3,aisles
19,19,aisles
16,4,aisles
22,3,background
17,27,background
14,15,shelves
4,28,background
16,15,aisles
28,28,background
7,15,aisles
26,25,background
13,27,background
11,6,shelves
12,28,background
5,29,background
15,24,shelves
11,23,aisles
24,17,background
25,19,background
20,21,shelves
26,21,background
1,3,aisles
6,2,shelves
25,12,background
12,18,shelves
26,8,background
29,19,background
5,9,shelves
11,1,aisles
10,9,aisles
20,29,background
8,13,shelves
11,13,shelves
21,14,background
11,8,shelves
17,29,background
13,4,aisles
4,30,background
4,9,aisles
0,1,shelves
28,21,background
24,3,background
0,9,shelves
28,13,background
6,27,background
13,21,aisles
4,19,aisles
10,11,aisles
29,4,background
27,27,background
13,28,background
26,2,background
2,3,shelves
20,7,shelves
0,30,background
3,24,shelves
28,8,background
23,21,background
15,11,shelves
21,2,background
0,10,shelves
18,10,shelves
19,16,aisles
4,24,shelves
25,10,background
2,15,shelves
25,14,background
15,19,shelves
9,24,shelves
18,20,shelves
12,25,background
29,7,background
12,8,shelves
14,11,shelves
24,8,background
10,6,aisles
3,4,shelves
28,9,background
0,21,shelves
30,12,background
16,19,aisles
22,4,background
22,24,background
15,18,shelves
17,6,shelves
0,24,shelves
19,14,aisles
25,23,background
7,24,shelves
22,16,background
16,14,aisles
26,13,background
7,11,aisles
22,6,background
29,5,background
12,30,background
5,18,shelves
30,10,background
23,11,background
4,10,aisles
4,13,aisles
14,19,shelves
22,22,background
27,15,background
8,17,shelves
27,19,background
4,18,aisles
30,22,background
6,5,shelves
5,12,aisles
20,14,shelves
23,10,background
30,17,background
4,27,background
18,24,shelves
17,26,background
14,29,background
17,14,shelves
28,25,background
29,14,background
19,5,aisles
28,4,background
5,5,shelves
25,16,background
8,21,shelves
18,1,aisles
23,27,background
29,1,background
27,24,background
8,2,shelves
0,13,shelves
3,27,background
16,1,intersection
3,17,shelves
5,11,shelves
14,25,background
7,4,aisles
26,29,background
21,23,background
21,1,background
16,11,aisles
8,11,shelves
14,30,background
0,20,shelves
2,20,shelves
13,7,aisles
0,6,shelves
20,20,shelves
29,6,background
2,13,shelves
27,9,background
3,2,shelves
16,16,aisles
17,17,shelves
24,23,background
5,30,background
16,10,aisles
8,19,shelves
21,16,background
24,12,background
2,11,shelves
18,7,shelves
1,18,aisles
25,7,background
19,18,aisles
2,16,shelves
15,25,background
13,8,aisles
20,5,shelves
1,10,aisles
6,14,shelves
11,14,shelves
18,12,aisles
20,8,shelves
20,12,shelves
23,17,background
19,15,aisles
30,26,background
13,22,aisles
21,24,background
19,6,aisles
8,18,shelves
18,13,shelves
22,13,background
22,29,background
8,15,shelves
20,30,background
29,26,background
17,23,aisles
26,0,background
17,9,shelves
2,17,shelves
15,26,background
1,0,shelves
11,28,background
4,5,aisles
24,26,background
30,6,background
10,29,background
7,8,aisles
18,29,background
16,21,aisles
26,9,background
21,4,background
22,21,background
11,7,shelves
1,30,background
9,17,shelves
24,25,background
1,29,background
4,22,aisles
10,24,shelves
28,6,background
22,20,background
13,18,aisles
21,15,background
11,22,shelves
23,14,background
21,12,background
18,2,shelves
16,9,aisles
3,1,aisles
23,30,background
25,20,background
25,17,background
28,30,background
8,28,background
25,29,background
24,5,background
6,0,shelves
26,10,background
10,14,aisles
13,15,aisles
11,29,background
1,11,aisles
19,13,aisles
6,28,background
8,0,shelves
30,9,background
27,20,background
17,16,shelves
28,7,background
3,22,shelves
2,23,aisles
28,12,background
13,19,aisles
9,30,background
0,14,shelves
7,25,background
4,25,background
15,21,shelves
7,12,intersection
16,8,aisles
26,16,background
29,0,background
30,28,background
24,24,background
12,17,shelves
20,22,shelves
6,8,shelves
29,17,background
9,19,shelves
18,9,shelves
9,7,shelves
19,2,aisles
12,21,shelves
9,25,background
30,13,background
15,2,shelves
1,24,outside
9,18,shelves
0,26,background
0,8,shelves
8,22,shelves
9,1,aisles
3,14,shelves
21,18,background
20,9,shelves
25,30,background
9,27,background
2,9,shelves
23,4,background
22,2,background
20,3,shelves
8,1,aisles
23,25,background
30,25,background
8,29,background
12,5,shelves
1,9,aisles
19,17,aisles
11,19,shelves
8,23,aisles
7,26,background
19,12,intersection
30,8,background
27,25,background
3,5,shelves
14,4,shelves
7,27,background
20,0,shelves
20,1,shelves
30,16,background
23,19,background
23,8,background
22,7,background
6,15,shelves
8,16,shelves
1,8,aisles
27,3,background
1,21,aisles
24,6,background
30,1,background
2,19,shelves
9,10,shelves
18,28,background
2,6,shelves
12,9,shelves
29,22,background
5,28,background
7,29,background
21,21,background
21,30,background
29,2,background
12,2,shelves
19,4,aisles
15,16,shelves
4,0,shelves
14,5,shelves
29,9,background
19,27,background
17,5,shelves
28,1,background
14,1,aisles
27,5,background
3,11,shelves
9,26,background
22,11,background
2,7,shelves
20,6,shelves
17,21,shelves
27,28,background
14,0,shelves
14,9,shelves
29,18,background
16,27,background
5,3,shelves
6,19,shelves
29,25,background
8,27,background
11,27,background
3,20,shelves
6,7,shelves
23,6,background
21,22,background
11,15,shelves
22,1,background
21,25,background
2,24,shelves
17,7,shelves
17,10,shelves
14,23,aisles
18,25,background
16,28,background
9,23,aisles
28,14,background
18,19,shelves
30,3,background
27,10,background
0,12,shelves
28,0,background
26,19,background
8,20,shelves
12,26,background
27,21,background
7,0,shelves
13,11,aisles
6,30,background
7,1,intersection
5,10,shelves
1,26,background
30,15,background
18,3,shelves
13,12,intersection
27,8,background
16,18,aisles
29,20,background
9,0,shelves
5,13,shelves
28,18,background
15,10,shelves
20,24,shelves
10,13,aisles
19,9,aisles
2,30,background
17,8,shelves
8,14,shelves
26,7,background
11,5,shelves
11,20,shelves
12,27,background
14,16,shelves
8,6,shelves
2,28,background
23,15,background
9,28,background
4,12,intersection
19,28,background
5,0,shelves
22,14,background
14,20,shelves
6,23,aisles
10,16,aisles
28,27,background
26,4,background
5,14,shelves
11,0,shelves
12,20,shelves
25,22,background
27,23,background
4,26,background
26,3,background
13,25,background
8,10,shelves
3,9,shelves
0,25,background
22,9,background
10,15,aisles
10,20,aisles
17,18,shelves
4,23,intersection
29,28,background
27,13,background
22,25,background
13,6,aisles
24,2,background
6,22,shelves
22,23,background
15,3,shelves
30,29,background
3,30,background
27,11,background
14,14,shelves
